{
  "single": {"data":[{"latitude":39.972539,"longitude":-75.239794,"type":"address","name":"6002 Master St","number":"6002","postal_code":"19151-4427","street":"Master St","confidence":1,"region":"Pennsylvania","region_code":"PA","county":"Philadelphia County","locality":"Philadelphia","administrative_area":"Philadelphia","neighbourhood":"Carroll Park","country":"United States","country_code":"USA","continent":"North America","label":"6002 Master St, Philadelphia, PA, USA"}]},
  "doubleClose": {"data":[{"latitude":40.751165,"longitude":-73.985908,"type":"address","name":"60 West 37th Street","number":"60","postal_code":"10018","street":"West 37th Street","confidence":1,"region":"New York","region_code":"NY","county":"New York County","locality":"New York","administrative_area":null,"neighbourhood":"Midtown West","country":"United States","country_code":"USA","continent":"North America","label":"60 West 37th Street, New York, NY, USA"},{"latitude":40.751283,"longitude":-73.985819,"type":"address","name":"60 W 37 St","number":"60","postal_code":"10018","street":"W 37 St","confidence":1,"region":"New York","region_code":"NY","county":"New York County","locality":"New York","administrative_area":null,"neighbourhood":"Midtown West","country":"United States","country_code":"USA","continent":"North America","label":"60 W 37 St, New York, NY, USA"}]},
  "double": {"data":[{"latitude":47.474179,"longitude":-122.273293,"type":"locality","name":"Tukwila","number":null,"postal_code":null,"street":null,"confidence":0.6,"region":"Washington","region_code":"WA","county":"King County","locality":"Tukwila","administrative_area":null,"neighbourhood":null,"country":"United States","country_code":"USA","continent":"North America","label":"Tukwila, WA, USA"},{"latitude":47.219499,"longitude":-122.236127,"type":"locality","name":"Sumner","number":null,"postal_code":null,"street":null,"confidence":0.6,"region":"Washington","region_code":"WA","county":"Pierce County","locality":"Sumner","administrative_area":null,"neighbourhood":null,"country":"United States","country_code":"USA","continent":"North America","label":"Sumner, WA, USA"}]},
  "triple": {"data":[{"latitude":21.40572,"longitude":-157.789396,"type":"locality","name":"Kaneohe","number":null,"postal_code":null,"street":null,"confidence":0.6,"region":"Hawaii","region_code":"HI","county":"Honolulu","locality":"Kaneohe","administrative_area":null,"neighbourhood":null,"country":"United States","country_code":"USA","continent":"North America","label":"Kaneohe, HI, USA"},{"latitude":21.308822,"longitude":-157.859944,"type":"locality","name":"Honolulu","number":null,"postal_code":null,"street":null,"confidence":0.6,"region":"Hawaii","region_code":"HI","county":"Honolulu","locality":"Honolulu","administrative_area":null,"neighbourhood":null,"country":"United States","country_code":"USA","continent":"North America","label":"Honolulu, HI, USA"},{"latitude":21.330576,"longitude":-157.837169,"type":"locality","name":"Urban Honolulu","number":null,"postal_code":null,"street":null,"confidence":0.6,"region":"Hawaii","region_code":"HI","county":"Honolulu","locality":"Urban Honolulu","administrative_area":null,"neighbourhood":null,"country":"United States","country_code":"USA","continent":"North America","label":"Urban Honolulu, HI, USA"}]},
  "empty": {"data": []}
}